Five_Prime_Family	Number_TEs	Number_Expression_Clusters
B73_5prime_RL000001	625	17
B73_5prime_RL000010	456	17
B73_5prime_RL000015	316	17
B73_5prime_RL000068	283	17
B73_5prime_RL000020	278	17
B73_5prime_RL000005	212	17
B73_5prime_RL000004	138	17
B73_5prime_RL000027	128	17
B73_5prime_RL000019	52	17
B73_5prime_RL000002	253	16
B73_5prime_RL000009	119	16
B73_5prime_RL000049	67	16
B73_5prime_RL000047	65	16
B73_5prime_RL000011	64	16
B73_5prime_RL000066	31	16
B73_5prime_RL000038	127	15
B73_5prime_RL000018	84	15
B73_5prime_RL000037	46	15
B73_5prime_RL000119	35	15
B73_5prime_RL000012	35	14
B73_5prime_RL000013	27	14
B73_5prime_RL000030	30	13
B73_5prime_RL000031	30	13
B73_5prime_RL000042	29	13
B73_5prime_RL000060	39	12
B73_5prime_RL000034	33	12
B73_5prime_RL000016	28	12
B73_5prime_RL000035	21	12
B73_5prime_RL000202	20	12
B73_5prime_RL000046	34	11
B73_5prime_RL000007	33	11
B73_5prime_RL000025	31	11
B73_5prime_RL000095	27	11
B73_5prime_RL000014	21	11
B73_5prime_RL000358	20	11
B73_5prime_RL000036	18	11
B73_5prime_RL000061	15	10
B73_5prime_RL000083	24	9
B73_5prime_RL000023	15	9
B73_5prime_RL000021	14	9
B73_5prime_RL000070	10	9
B73_5prime_RL000033	31	8
B73_5prime_RL000114	11	8
B73_5prime_RL000058	9	8
B73_5prime_RL000103	9	8
B73_5prime_RL000078	25	7
B73_5prime_RL000057	23	7
B73_5prime_RL000052	20	7
B73_5prime_RL000109	19	7
B73_5prime_RL000243	17	7
B73_5prime_RL000041	15	7
B73_5prime_RL000140	13	7
B73_5prime_RL000028	11	7
B73_5prime_RL000074	10	7
B73_5prime_RL000065	9	7
B73_5prime_RL000483	7	7
B73_5prime_RL000017	15	6
B73_5prime_RL000225	15	6
B73_5prime_RL000502	14	6
B73_5prime_RL000039	11	6
B73_5prime_RL000206	10	6
B73_5prime_RL000124	9	6
B73_5prime_RL000166	8	6
B73_5prime_RL000158	7	6
B73_5prime_RL000287	7	6
B73_5prime_RL000604	7	6
B73_5prime_RL000128	6	6
B73_5prime_RL000179	6	6
B73_5prime_RL000382	6	6
B73_5prime_RL000380	13	5
B73_5prime_RL000063	12	5
B73_5prime_RL000404	12	5
B73_5prime_RL000079	11	5
B73_5prime_RL000308	10	5
B73_5prime_RL000239	8	5
B73_5prime_RL000054	6	5
B73_5prime_RL000274	6	5
B73_5prime_RL000345	6	5
B73_5prime_RL000554	6	5
B73_5prime_RL000084	5	5
B73_5prime_RL000293	5	5
B73_5prime_RL000196	29	4
B73_5prime_RL000029	9	4
B73_5prime_RL000045	9	4
B73_5prime_RL000032	8	4
B73_5prime_RL000349	8	4
B73_5prime_RL000306	7	4
B73_5prime_RL000362	7	4
B73_5prime_RL000550	7	4
B73_5prime_RL000096	6	4
B73_5prime_RL000150	6	4
B73_5prime_RL000361	6	4
B73_5prime_RL000414	6	4
B73_5prime_RL000428	6	4
B73_5prime_RL000098	5	4
B73_5prime_RL000099	5	4
B73_5prime_RL000322	5	4
B73_5prime_RL000334	5	4
B73_5prime_RL000535	5	4
B73_5prime_RL000026	4	4
B73_5prime_RL000053	4	4
B73_5prime_RL000088	4	4
B73_5prime_RL000105	4	4
B73_5prime_RL000121	4	4
B73_5prime_RL000135	4	4
B73_5prime_RL000148	4	4
B73_5prime_RL000333	4	4
B73_5prime_RL000400	4	4
B73_5prime_RL000408	4	4
B73_5prime_RL000539	4	4
B73_5prime_RL000579	4	4
B73_5prime_RL000394	12	3
B73_5prime_RL000195	9	3
B73_5prime_RL000115	8	3
B73_5prime_RL000316	8	3
B73_5prime_RL000200	6	3
B73_5prime_RL000374	6	3
B73_5prime_RL000398	6	3
B73_5prime_RL000092	5	3
B73_5prime_RL000337	5	3
B73_5prime_RL000350	5	3
B73_5prime_RL000555	5	3
B73_5prime_RL000055	4	3
B73_5prime_RL000077	4	3
B73_5prime_RL000090	4	3
B73_5prime_RL000091	4	3
B73_5prime_RL000094	4	3
B73_5prime_RL000126	4	3
B73_5prime_RL000176	4	3
B73_5prime_RL000327	4	3
B73_5prime_RL000352	4	3
B73_5prime_RL000359	4	3
B73_5prime_RL000385	4	3
B73_5prime_RL000390	4	3
B73_5prime_RL000415	4	3
B73_5prime_RL000419	4	3
B73_5prime_RL000518	4	3
B73_5prime_RL000616	4	3
B73_5prime_RL000112	3	3
B73_5prime_RL000160	3	3
B73_5prime_RL000186	3	3
B73_5prime_RL000213	3	3
B73_5prime_RL000368	3	3
B73_5prime_RL000378	3	3
B73_5prime_RL000594	3	3
B73_5prime_RL000605	3	3
B73_5prime_RL000611	3	3
B73_5prime_RL000698	3	3
B73_5prime_RL000429	9	2
B73_5prime_RL000040	8	2
B73_5prime_RL000101	8	2
B73_5prime_RL000228	7	2
B73_5prime_RL000384	7	2
B73_5prime_RL000399	7	2
B73_5prime_RL000076	6	2
B73_5prime_RL000097	6	2
B73_5prime_RL000584	6	2
B73_5prime_RL000008	5	2
B73_5prime_RL000318	5	2
B73_5prime_RL000546	4	2
B73_5prime_RL000614	4	2
B73_5prime_RL000777	4	2
B73_5prime_RL000872	4	2
B73_5prime_RL000978	4	2
B73_5prime_RL000102	3	2
B73_5prime_RL000118	3	2
B73_5prime_RL000214	3	2
B73_5prime_RL000307	3	2
B73_5prime_RL000315	3	2
B73_5prime_RL000356	3	2
B73_5prime_RL000387	3	2
B73_5prime_RL000442	3	2
B73_5prime_RL000523	3	2
B73_5prime_RL000529	3	2
B73_5prime_RL000580	3	2
B73_5prime_RL000622	3	2
B73_5prime_RL000700	3	2
B73_5prime_RL000734	3	2
B73_5prime_RL000752	3	2
B73_5prime_RL000803	3	2
B73_5prime_RL000811	3	2
B73_5prime_RL000980	3	2
B73_5prime_RL000985	3	2
B73_5prime_RL000003	2	2
B73_5prime_RL000064	2	2
B73_5prime_RL000067	2	2
B73_5prime_RL000081	2	2
B73_5prime_RL000085	2	2
B73_5prime_RL000106	2	2
B73_5prime_RL000110	2	2
B73_5prime_RL000129	2	2
B73_5prime_RL000131	2	2
B73_5prime_RL000143	2	2
B73_5prime_RL000149	2	2
B73_5prime_RL000156	2	2
B73_5prime_RL000172	2	2
B73_5prime_RL000181	2	2
B73_5prime_RL000185	2	2
B73_5prime_RL000192	2	2
B73_5prime_RL000204	2	2
B73_5prime_RL000211	2	2
B73_5prime_RL000240	2	2
B73_5prime_RL000242	2	2
B73_5prime_RL000248	2	2
B73_5prime_RL000252	2	2
B73_5prime_RL000265	2	2
B73_5prime_RL000275	2	2
B73_5prime_RL000281	2	2
B73_5prime_RL000328	2	2
B73_5prime_RL000330	2	2
B73_5prime_RL000331	2	2
B73_5prime_RL000340	2	2
B73_5prime_RL000348	2	2
B73_5prime_RL000440	2	2
B73_5prime_RL000443	2	2
B73_5prime_RL000445	2	2
B73_5prime_RL000458	2	2
B73_5prime_RL000464	2	2
B73_5prime_RL000466	2	2
B73_5prime_RL000474	2	2
B73_5prime_RL000515	2	2
B73_5prime_RL000534	2	2
B73_5prime_RL000552	2	2
B73_5prime_RL000553	2	2
B73_5prime_RL000574	2	2
B73_5prime_RL000578	2	2
B73_5prime_RL000581	2	2
B73_5prime_RL000588	2	2
B73_5prime_RL000600	2	2
B73_5prime_RL000601	2	2
B73_5prime_RL000602	2	2
B73_5prime_RL000620	2	2
B73_5prime_RL000664	2	2
B73_5prime_RL000679	2	2
B73_5prime_RL000688	2	2
B73_5prime_RL000694	2	2
B73_5prime_RL000709	2	2
B73_5prime_RL000729	2	2
B73_5prime_RL000730	2	2
B73_5prime_RL000732	2	2
B73_5prime_RL000735	2	2
B73_5prime_RL000746	2	2
B73_5prime_RL000747	2	2
B73_5prime_RL000749	2	2
B73_5prime_RL000750	2	2
B73_5prime_RL000772	2	2
B73_5prime_RL000774	2	2
B73_5prime_RL000778	2	2
B73_5prime_RL000781	2	2
B73_5prime_RL000783	2	2
B73_5prime_RL000784	2	2
B73_5prime_RL000787	2	2
B73_5prime_RL000816	2	2
B73_5prime_RL000818	2	2
B73_5prime_RL000874	2	2
B73_5prime_RL000887	2	2
B73_5prime_RL000888	2	2
B73_5prime_RL000889	2	2
B73_5prime_RL000913	2	2
B73_5prime_RL000921	2	2
B73_5prime_RL000923	2	2
B73_5prime_RL000928	2	2
B73_5prime_RL000959	2	2
B73_5prime_RL000970	2	2
B73_5prime_RL000986	2	2
B73_5prime_RL001001	2	2
B73_5prime_RL001004	2	2
B73_5prime_RL001006	2	2
B73_5prime_RL001008	2	2
B73_5prime_RL001009	2	2
B73_5prime_RL001024	2	2
B73_5prime_RL001033	2	2
B73_5prime_RL000285	4	1
B73_5prime_RL000332	4	1
B73_5prime_RL000413	3	1
B73_5prime_RL000558	3	1
B73_5prime_RL000567	3	1
B73_5prime_RL000636	3	1
B73_5prime_RL000713	3	1
B73_5prime_RL000794	3	1
B73_5prime_RL000800	3	1
B73_5prime_RL000930	3	1
B73_5prime_RL000963	3	1
B73_5prime_RL000022	2	1
B73_5prime_RL000043	2	1
B73_5prime_RL000062	2	1
B73_5prime_RL000086	2	1
B73_5prime_RL000142	2	1
B73_5prime_RL000147	2	1
B73_5prime_RL000159	2	1
B73_5prime_RL000188	2	1
B73_5prime_RL000217	2	1
B73_5prime_RL000238	2	1
B73_5prime_RL000261	2	1
B73_5prime_RL000326	2	1
B73_5prime_RL000344	2	1
B73_5prime_RL000351	2	1
B73_5prime_RL000373	2	1
B73_5prime_RL000375	2	1
B73_5prime_RL000407	2	1
B73_5prime_RL000412	2	1
B73_5prime_RL000425	2	1
B73_5prime_RL000431	2	1
B73_5prime_RL000457	2	1
B73_5prime_RL000482	2	1
B73_5prime_RL000519	2	1
B73_5prime_RL000522	2	1
B73_5prime_RL000526	2	1
B73_5prime_RL000528	2	1
B73_5prime_RL000531	2	1
B73_5prime_RL000595	2	1
B73_5prime_RL000610	2	1
B73_5prime_RL000644	2	1
B73_5prime_RL000648	2	1
B73_5prime_RL000663	2	1
B73_5prime_RL000669	2	1
B73_5prime_RL000676	2	1
B73_5prime_RL000703	2	1
B73_5prime_RL000718	2	1
B73_5prime_RL000741	2	1
B73_5prime_RL000745	2	1
B73_5prime_RL000753	2	1
B73_5prime_RL000768	2	1
B73_5prime_RL000786	2	1
B73_5prime_RL000791	2	1
B73_5prime_RL000804	2	1
B73_5prime_RL000837	2	1
B73_5prime_RL000851	2	1
B73_5prime_RL000852	2	1
B73_5prime_RL000858	2	1
B73_5prime_RL000869	2	1
B73_5prime_RL000901	2	1
B73_5prime_RL000947	2	1
B73_5prime_RL000975	2	1
B73_5prime_RL000987	2	1
B73_5prime_RL001007	2	1
B73_5prime_RL000006	1	1
B73_5prime_RL000024	1	1
B73_5prime_RL000044	1	1
B73_5prime_RL000056	1	1
B73_5prime_RL000059	1	1
B73_5prime_RL000072	1	1
B73_5prime_RL000073	1	1
B73_5prime_RL000087	1	1
B73_5prime_RL000093	1	1
B73_5prime_RL000100	1	1
B73_5prime_RL000116	1	1
B73_5prime_RL000117	1	1
B73_5prime_RL000120	1	1
B73_5prime_RL000123	1	1
B73_5prime_RL000133	1	1
B73_5prime_RL000136	1	1
B73_5prime_RL000137	1	1
B73_5prime_RL000144	1	1
B73_5prime_RL000145	1	1
B73_5prime_RL000151	1	1
B73_5prime_RL000152	1	1
B73_5prime_RL000153	1	1
B73_5prime_RL000163	1	1
B73_5prime_RL000164	1	1
B73_5prime_RL000165	1	1
B73_5prime_RL000167	1	1
B73_5prime_RL000171	1	1
B73_5prime_RL000175	1	1
B73_5prime_RL000180	1	1
B73_5prime_RL000183	1	1
B73_5prime_RL000184	1	1
B73_5prime_RL000193	1	1
B73_5prime_RL000197	1	1
B73_5prime_RL000203	1	1
B73_5prime_RL000205	1	1
B73_5prime_RL000227	1	1
B73_5prime_RL000229	1	1
B73_5prime_RL000232	1	1
B73_5prime_RL000234	1	1
B73_5prime_RL000235	1	1
B73_5prime_RL000241	1	1
B73_5prime_RL000247	1	1
B73_5prime_RL000249	1	1
B73_5prime_RL000251	1	1
B73_5prime_RL000253	1	1
B73_5prime_RL000255	1	1
B73_5prime_RL000259	1	1
B73_5prime_RL000269	1	1
B73_5prime_RL000271	1	1
B73_5prime_RL000277	1	1
B73_5prime_RL000279	1	1
B73_5prime_RL000284	1	1
B73_5prime_RL000286	1	1
B73_5prime_RL000288	1	1
B73_5prime_RL000291	1	1
B73_5prime_RL000294	1	1
B73_5prime_RL000297	1	1
B73_5prime_RL000299	1	1
B73_5prime_RL000300	1	1
B73_5prime_RL000304	1	1
B73_5prime_RL000311	1	1
B73_5prime_RL000339	1	1
B73_5prime_RL000342	1	1
B73_5prime_RL000346	1	1
B73_5prime_RL000357	1	1
B73_5prime_RL000360	1	1
B73_5prime_RL000365	1	1
B73_5prime_RL000369	1	1
B73_5prime_RL000381	1	1
B73_5prime_RL000389	1	1
B73_5prime_RL000392	1	1
B73_5prime_RL000393	1	1
B73_5prime_RL000403	1	1
B73_5prime_RL000405	1	1
B73_5prime_RL000410	1	1
B73_5prime_RL000416	1	1
B73_5prime_RL000435	1	1
B73_5prime_RL000436	1	1
B73_5prime_RL000441	1	1
B73_5prime_RL000444	1	1
B73_5prime_RL000447	1	1
B73_5prime_RL000448	1	1
B73_5prime_RL000459	1	1
B73_5prime_RL000462	1	1
B73_5prime_RL000463	1	1
B73_5prime_RL000468	1	1
B73_5prime_RL000471	1	1
B73_5prime_RL000477	1	1
B73_5prime_RL000481	1	1
B73_5prime_RL000486	1	1
B73_5prime_RL000496	1	1
B73_5prime_RL000499	1	1
B73_5prime_RL000500	1	1
B73_5prime_RL000508	1	1
B73_5prime_RL000509	1	1
B73_5prime_RL000510	1	1
B73_5prime_RL000511	1	1
B73_5prime_RL000538	1	1
B73_5prime_RL000545	1	1
B73_5prime_RL000549	1	1
B73_5prime_RL000551	1	1
B73_5prime_RL000559	1	1
B73_5prime_RL000560	1	1
B73_5prime_RL000562	1	1
B73_5prime_RL000564	1	1
B73_5prime_RL000565	1	1
B73_5prime_RL000568	1	1
B73_5prime_RL000569	1	1
B73_5prime_RL000570	1	1
B73_5prime_RL000576	1	1
B73_5prime_RL000585	1	1
B73_5prime_RL000586	1	1
B73_5prime_RL000590	1	1
B73_5prime_RL000592	1	1
B73_5prime_RL000606	1	1
B73_5prime_RL000608	1	1
B73_5prime_RL000615	1	1
B73_5prime_RL000621	1	1
B73_5prime_RL000624	1	1
B73_5prime_RL000631	1	1
B73_5prime_RL000639	1	1
B73_5prime_RL000645	1	1
B73_5prime_RL000661	1	1
B73_5prime_RL000666	1	1
B73_5prime_RL000668	1	1
B73_5prime_RL000670	1	1
B73_5prime_RL000671	1	1
B73_5prime_RL000674	1	1
B73_5prime_RL000677	1	1
B73_5prime_RL000678	1	1
B73_5prime_RL000680	1	1
B73_5prime_RL000686	1	1
B73_5prime_RL000689	1	1
B73_5prime_RL000692	1	1
B73_5prime_RL000695	1	1
B73_5prime_RL000707	1	1
B73_5prime_RL000708	1	1
B73_5prime_RL000710	1	1
B73_5prime_RL000712	1	1
B73_5prime_RL000721	1	1
B73_5prime_RL000724	1	1
B73_5prime_RL000731	1	1
B73_5prime_RL000733	1	1
B73_5prime_RL000738	1	1
B73_5prime_RL000762	1	1
B73_5prime_RL000769	1	1
B73_5prime_RL000771	1	1
B73_5prime_RL000775	1	1
B73_5prime_RL000788	1	1
B73_5prime_RL000792	1	1
B73_5prime_RL000793	1	1
B73_5prime_RL000799	1	1
B73_5prime_RL000805	1	1
B73_5prime_RL000806	1	1
B73_5prime_RL000819	1	1
B73_5prime_RL000822	1	1
B73_5prime_RL000824	1	1
B73_5prime_RL000826	1	1
B73_5prime_RL000827	1	1
B73_5prime_RL000835	1	1
B73_5prime_RL000840	1	1
B73_5prime_RL000846	1	1
B73_5prime_RL000847	1	1
B73_5prime_RL000856	1	1
B73_5prime_RL000865	1	1
B73_5prime_RL000884	1	1
B73_5prime_RL000886	1	1
B73_5prime_RL000893	1	1
B73_5prime_RL000898	1	1
B73_5prime_RL000903	1	1
B73_5prime_RL000904	1	1
B73_5prime_RL000905	1	1
B73_5prime_RL000906	1	1
B73_5prime_RL000911	1	1
B73_5prime_RL000926	1	1
B73_5prime_RL000927	1	1
B73_5prime_RL000929	1	1
B73_5prime_RL000934	1	1
B73_5prime_RL000940	1	1
B73_5prime_RL000945	1	1
B73_5prime_RL000948	1	1
B73_5prime_RL000954	1	1
B73_5prime_RL000955	1	1
B73_5prime_RL000971	1	1
B73_5prime_RL000973	1	1
B73_5prime_RL000979	1	1
B73_5prime_RL000991	1	1
B73_5prime_RL000999	1	1
B73_5prime_RL001003	1	1
B73_5prime_RL001013	1	1
B73_5prime_RL001014	1	1
B73_5prime_RL001015	1	1
B73_5prime_RL001017	1	1
B73_5prime_RL001019	1	1
B73_5prime_RL001023	1	1
B73_5prime_RL001026	1	1
B73_5prime_RL001029	1	1
B73_5prime_RL001032	1	1
B73_5prime_RL001034	1	1
B73_5prime_RL001037	1	1
B73_5prime_RL001039	1	1
B73_5prime_RL001040	1	1
B73_5prime_RL001043	1	1
B73_5prime_RL001046	1	1
B73_5prime_RL001049	1	1
B73_5prime_RL001052	1	1
B73_5prime_RL001061	1	1
B73_5prime_RL001062	1	1
B73_5prime_RL001065	1	1
B73_5prime_RL001066	1	1
B73_5prime_RL001067	1	1
B73_5prime_RL001072	1	1
B73_5prime_RL001073	1	1
B73_5prime_RL001074	1	1
B73_5prime_RL001083	1	1
B73_5prime_RL001090	1	1
B73_5prime_RL001093	1	1
B73_5prime_RL001095	1	1
B73_5prime_RL001096	1	1
B73_5prime_RL001107	1	1
B73_5prime_RL001109	1	1
B73_5prime_RL001110	1	1
B73_5prime_RL001113	1	1
B73_5prime_RL001116	1	1
B73_5prime_RL001119	1	1
B73_5prime_RL001123	1	1
B73_5prime_RL001126	1	1
B73_5prime_RL001128	1	1
B73_5prime_RL001131	1	1
B73_5prime_RL001134	1	1
B73_5prime_RL001140	1	1
B73_5prime_RL001141	1	1
B73_5prime_RL001142	1	1
B73_5prime_RL001146	1	1
B73_5prime_RL001150	1	1
B73_5prime_RL001153	1	1
B73_5prime_RL001159	1	1
B73_5prime_RL001167	1	1
B73_5prime_RL001175	1	1
B73_5prime_RL001178	1	1
B73_5prime_RL001180	1	1
B73_5prime_RL001182	1	1
B73_5prime_RL001188	1	1
B73_5prime_RL001194	1	1
B73_5prime_RL001201	1	1
B73_5prime_RL001211	1	1
B73_5prime_RL001213	1	1
B73_5prime_RL001225	1	1
B73_5prime_RL001226	1	1
B73_5prime_RL001234	1	1
B73_5prime_RL001240	1	1
B73_5prime_RL001243	1	1
B73_5prime_RL001248	1	1
B73_5prime_RL001252	1	1
B73_5prime_RL001254	1	1
B73_5prime_RL001259	1	1
B73_5prime_RL001260	1	1
B73_5prime_RL001261	1	1
B73_5prime_RL001265	1	1
B73_5prime_RL001267	1	1
B73_5prime_RL001269	1	1
B73_5prime_RL001270	1	1
B73_5prime_RL001271	1	1
B73_5prime_RL001276	1	1
B73_5prime_RL001290	1	1
B73_5prime_RL001292	1	1
B73_5prime_RL001296	1	1
B73_5prime_RL001297	1	1
B73_5prime_RL001298	1	1
B73_5prime_RL001299	1	1
B73_5prime_RL001303	1	1
B73_5prime_RL001313	1	1
B73_5prime_RL001314	1	1
B73_5prime_RL001320	1	1
B73_5prime_RL001323	1	1
B73_5prime_RL001324	1	1
B73_5prime_RL001330	1	1
B73_5prime_RL001331	1	1
B73_5prime_RL001338	1	1
B73_5prime_RL001339	1	1
B73_5prime_RL001359	1	1
B73_5prime_RL001361	1	1
B73_5prime_RL001362	1	1
B73_5prime_RL001364	1	1
B73_5prime_RL001373	1	1
B73_5prime_RL001377	1	1
B73_5prime_RL001385	1	1
B73_5prime_RL001391	1	1
B73_5prime_RL001396	1	1
B73_5prime_RL001399	1	1
B73_5prime_RL001402	1	1
B73_5prime_RL001403	1	1
B73_5prime_RL001405	1	1
B73_5prime_RL001408	1	1
B73_5prime_RL001410	1	1
B73_5prime_RL001411	1	1
B73_5prime_RL001413	1	1
B73_5prime_RL001415	1	1
B73_5prime_RL001416	1	1
B73_5prime_RL001419	1	1
B73_5prime_RL001420	1	1
B73_5prime_RL001422	1	1
B73_5prime_RL001425	1	1
B73_5prime_RL001426	1	1
B73_5prime_RL001427	1	1
B73_5prime_RL001438	1	1
B73_5prime_RL001444	1	1
B73_5prime_RL001445	1	1
B73_5prime_RL001446	1	1
B73_5prime_RL001447	1	1
B73_5prime_RL001448	1	1
B73_5prime_RL001453	1	1
B73_5prime_RL001455	1	1
B73_5prime_RL001457	1	1
B73_5prime_RL001459	1	1
B73_5prime_RL001464	1	1
B73_5prime_RL001465	1	1
B73_5prime_RL001470	1	1
B73_5prime_RL001475	1	1
B73_5prime_RL001476	1	1
B73_5prime_RL001477	1	1
B73_5prime_RL001481	1	1
B73_5prime_RL001484	1	1
B73_5prime_RL001486	1	1
B73_5prime_RL001491	1	1
B73_5prime_RL001495	1	1
B73_5prime_RL001496	1	1
B73_5prime_RL001497	1	1
B73_5prime_RL001499	1	1
B73_5prime_RL001501	1	1
B73_5prime_RL001504	1	1
B73_5prime_RL001512	1	1
B73_5prime_RL001516	1	1
B73_5prime_RL001518	1	1
B73_5prime_RL001519	1	1
B73_5prime_RL001525	1	1
B73_5prime_RL001526	1	1
B73_5prime_RL001528	1	1
B73_5prime_RL001529	1	1
B73_5prime_RL001532	1	1
B73_5prime_RL001536	1	1
B73_5prime_RL001545	1	1
B73_5prime_RL001546	1	1
B73_5prime_RL001547	1	1
B73_5prime_RL001548	1	1
B73_5prime_RL001549	1	1
B73_5prime_RL001553	1	1
B73_5prime_RL001555	1	1
B73_5prime_RL001557	1	1
B73_5prime_RL001560	1	1
B73_5prime_RL001564	1	1
B73_5prime_RL001571	1	1
B73_5prime_RL001575	1	1
B73_5prime_RL001577	1	1
B73_5prime_RL001578	1	1
B73_5prime_RL001580	1	1
B73_5prime_RL001582	1	1
B73_5prime_RL001584	1	1
B73_5prime_RL001592	1	1
B73_5prime_RL001596	1	1
B73_5prime_RL001597	1	1
B73_5prime_RL001603	1	1
B73_5prime_RL001606	1	1
B73_5prime_RL001608	1	1
B73_5prime_RL001610	1	1
B73_5prime_RL001623	1	1
B73_5prime_RL001625	1	1
B73_5prime_RL001626	1	1
B73_5prime_RL001628	1	1
B73_5prime_RL001630	1	1
B73_5prime_RL001637	1	1
B73_5prime_RL001638	1	1
B73_5prime_RL001643	1	1
B73_5prime_RL001645	1	1
B73_5prime_RL001654	1	1
B73_5prime_RL001656	1	1
B73_5prime_RL001657	1	1
B73_5prime_RL001659	1	1
B73_5prime_RL001664	1	1
B73_5prime_RL001672	1	1
B73_5prime_RL001675	1	1
B73_5prime_RL001679	1	1
B73_5prime_RL001689	1	1
B73_5prime_RL001692	1	1
B73_5prime_RL001696	1	1
B73_5prime_RL001704	1	1
B73_5prime_RL001706	1	1
B73_5prime_RL001709	1	1
B73_5prime_RL001711	1	1
B73_5prime_RL001712	1	1
B73_5prime_RL001713	1	1
B73_5prime_RL001719	1	1
B73_5prime_RL001722	1	1
B73_5prime_RL001725	1	1
B73_5prime_RL001727	1	1
B73_5prime_RL001728	1	1
B73_5prime_RL001731	1	1
B73_5prime_RL001744	1	1
B73_5prime_RL001746	1	1
B73_5prime_RL001748	1	1
B73_5prime_RL001751	1	1
B73_5prime_RL001754	1	1
B73_5prime_RL001765	1	1
B73_5prime_RL001767	1	1
B73_5prime_RL001773	1	1
B73_5prime_RL001774	1	1
B73_5prime_RL001787	1	1
B73_5prime_RL001788	1	1
B73_5prime_RL001790	1	1
B73_5prime_RL001798	1	1
B73_5prime_RL001802	1	1
B73_5prime_RL001809	1	1
B73_5prime_RL001810	1	1
B73_5prime_RL001814	1	1
B73_5prime_RL001821	1	1
B73_5prime_RL001824	1	1
B73_5prime_RL001830	1	1
B73_5prime_RL001831	1	1
B73_5prime_RL001851	1	1
B73_5prime_RL001854	1	1
B73_5prime_RL001855	1	1
B73_5prime_RL001860	1	1
B73_5prime_RL001861	1	1
B73_5prime_RL001872	1	1
B73_5prime_RL001877	1	1
B73_5prime_RL001882	1	1
B73_5prime_RL001884	1	1
B73_5prime_RL001885	1	1
B73_5prime_RL001891	1	1
B73_5prime_RL001893	1	1
B73_5prime_RL001900	1	1
B73_5prime_RL001902	1	1
B73_5prime_RL001911	1	1
B73_5prime_RL001914	1	1
B73_5prime_RL001919	1	1
B73_5prime_RL001921	1	1
B73_5prime_RL001922	1	1
B73_5prime_RL001923	1	1
B73_5prime_RL001924	1	1
B73_5prime_RL001925	1	1
B73_5prime_RL001929	1	1
B73_5prime_RL001936	1	1
B73_5prime_RL001943	1	1
B73_5prime_RL001945	1	1
B73_5prime_RL001950	1	1
B73_5prime_RL001951	1	1
B73_5prime_RL001952	1	1
B73_5prime_RL001953	1	1
B73_5prime_RL001956	1	1
B73_5prime_RL001961	1	1
B73_5prime_RL001968	1	1
B73_5prime_RL001971	1	1
B73_5prime_RL001978	1	1
B73_5prime_RL001980	1	1
B73_5prime_RL001984	1	1
B73_5prime_RL001985	1	1
B73_5prime_RL001986	1	1
B73_5prime_RL001989	1	1
B73_5prime_RL001993	1	1
B73_5prime_RL001995	1	1
B73_5prime_RL001998	1	1
B73_5prime_RL001999	1	1
B73_5prime_RL002000	1	1
B73_5prime_RL002003	1	1
B73_5prime_RL002008	1	1
B73_5prime_RL002010	1	1
B73_5prime_RL002012	1	1
B73_5prime_RL002016	1	1
B73_5prime_RL002023	1	1
B73_5prime_RL002025	1	1
B73_5prime_RL002028	1	1
B73_5prime_RL002029	1	1
B73_5prime_RL002030	1	1
B73_5prime_RL002031	1	1
B73_5prime_RL002032	1	1
B73_5prime_RL002035	1	1
B73_5prime_RL002039	1	1
B73_5prime_RL002042	1	1
B73_5prime_RL002044	1	1
B73_5prime_RL002045	1	1
B73_5prime_RL002047	1	1
B73_5prime_RL002049	1	1
B73_5prime_RL002051	1	1
B73_5prime_RL002056	1	1
B73_5prime_RL002059	1	1
B73_5prime_RL002065	1	1
B73_5prime_RL002066	1	1
B73_5prime_RL002070	1	1
B73_5prime_RL002071	1	1
B73_5prime_RL002082	1	1
B73_5prime_RL002089	1	1
B73_5prime_RL002090	1	1
B73_5prime_RL002095	1	1
B73_5prime_RL002111	1	1
B73_5prime_RL002117	1	1
B73_5prime_RL002123	1	1
B73_5prime_RL002131	1	1
B73_5prime_RL002133	1	1
B73_5prime_RL002141	1	1
B73_5prime_RL002144	1	1
B73_5prime_RL002151	1	1
B73_5prime_RL002152	1	1
B73_5prime_RL002153	1	1
B73_5prime_RL002158	1	1
B73_5prime_RL002163	1	1
B73_5prime_RL002165	1	1
B73_5prime_RL002168	1	1
B73_5prime_RL002174	1	1
B73_5prime_RL002189	1	1
B73_5prime_RL002193	1	1
B73_5prime_RL002194	1	1
B73_5prime_RL002198	1	1
B73_5prime_RL002199	1	1
B73_5prime_RL002200	1	1
B73_5prime_RL002203	1	1
B73_5prime_RL002205	1	1
B73_5prime_RL002206	1	1
B73_5prime_RL002208	1	1
B73_5prime_RL002209	1	1
B73_5prime_RL002210	1	1
B73_5prime_RL002214	1	1
B73_5prime_RL002222	1	1
B73_5prime_RL002223	1	1
B73_5prime_RL002230	1	1
B73_5prime_RL002231	1	1
B73_5prime_RL002235	1	1
B73_5prime_RL002236	1	1
B73_5prime_RL002237	1	1
B73_5prime_RL002245	1	1
B73_5prime_RL002254	1	1
B73_5prime_RL002256	1	1
B73_5prime_RL002260	1	1
B73_5prime_RL002261	1	1
B73_5prime_RL002267	1	1
B73_5prime_RL002268	1	1
B73_5prime_RL002271	1	1
B73_5prime_RL002273	1	1
B73_5prime_RL002281	1	1
B73_5prime_RL002282	1	1
B73_5prime_RL002287	1	1
B73_5prime_RL002294	1	1
B73_5prime_RL002299	1	1
B73_5prime_RL002300	1	1
B73_5prime_RL002310	1	1
B73_5prime_RL002314	1	1
B73_5prime_RL002315	1	1
B73_5prime_RL002319	1	1
B73_5prime_RL002328	1	1
B73_5prime_RL002333	1	1
B73_5prime_RL002348	1	1
B73_5prime_RL002353	1	1
B73_5prime_RL002355	1	1
B73_5prime_RL002356	1	1
B73_5prime_RL002358	1	1
B73_5prime_RL002360	1	1
B73_5prime_RL002365	1	1
B73_5prime_RL002369	1	1
B73_5prime_RL002370	1	1
B73_5prime_RL002372	1	1
B73_5prime_RL002373	1	1
B73_5prime_RL002376	1	1
B73_5prime_RL002379	1	1
B73_5prime_RL002380	1	1
B73_5prime_RL002381	1	1
B73_5prime_RL002382	1	1
B73_5prime_RL002383	1	1
B73_5prime_RL002385	1	1
B73_5prime_RL002386	1	1
B73_5prime_RL002387	1	1
B73_5prime_RL002394	1	1
B73_5prime_RL002395	1	1
B73_5prime_RL002400	1	1
B73_5prime_RL002406	1	1
B73_5prime_RL002409	1	1
B73_5prime_RL002416	1	1
B73_5prime_RL002420	1	1
B73_5prime_RL002422	1	1
B73_5prime_RL002426	1	1
B73_5prime_RL002427	1	1
B73_5prime_RL002434	1	1
B73_5prime_RL002437	1	1
B73_5prime_RL002441	1	1
B73_5prime_RL002448	1	1
B73_5prime_RL002453	1	1
B73_5prime_RL002457	1	1
B73_5prime_RL002459	1	1
B73_5prime_RL002470	1	1
B73_5prime_RL002471	1	1
B73_5prime_RL002477	1	1
B73_5prime_RL002488	1	1
B73_5prime_RL002489	1	1
B73_5prime_RL002494	1	1
B73_5prime_RL002495	1	1
B73_5prime_RL002498	1	1
B73_5prime_RL002500	1	1
B73_5prime_RL002504	1	1
B73_5prime_RL002505	1	1
B73_5prime_RL002510	1	1
B73_5prime_RL002525	1	1
B73_5prime_RL002526	1	1
B73_5prime_RL002528	1	1
B73_5prime_RL002536	1	1
B73_5prime_RL002539	1	1
B73_5prime_RL002542	1	1
B73_5prime_RL002544	1	1
B73_5prime_RL002547	1	1
B73_5prime_RL002550	1	1
B73_5prime_RL002552	1	1
B73_5prime_RL002560	1	1
B73_5prime_RL002562	1	1
B73_5prime_RL002567	1	1
B73_5prime_RL002569	1	1
B73_5prime_RL002571	1	1
B73_5prime_RL002573	1	1
B73_5prime_RL002578	1	1
B73_5prime_RL002580	1	1
B73_5prime_RL002582	1	1
B73_5prime_RL002587	1	1
B73_5prime_RL002590	1	1
B73_5prime_RL002591	1	1
B73_5prime_RL002592	1	1
B73_5prime_RL002594	1	1
B73_5prime_RL002599	1	1
B73_5prime_RL002608	1	1
B73_5prime_RL002609	1	1
B73_5prime_RL002610	1	1
B73_5prime_RL002615	1	1
B73_5prime_RL002621	1	1
B73_5prime_RL002630	1	1
B73_5prime_RL002631	1	1
B73_5prime_RL002632	1	1
B73_5prime_RL002644	1	1
B73_5prime_RL002649	1	1
B73_5prime_RL002657	1	1
B73_5prime_RL002664	1	1
B73_5prime_RL002665	1	1
B73_5prime_RL002667	1	1
B73_5prime_RL002673	1	1
B73_5prime_RL002674	1	1
B73_5prime_RL002680	1	1
B73_5prime_RL002682	1	1
B73_5prime_RL002685	1	1
B73_5prime_RL002691	1	1
B73_5prime_RL002706	1	1
B73_5prime_RL002707	1	1
B73_5prime_RL002708	1	1
B73_5prime_RL002709	1	1
B73_5prime_RL002710	1	1
B73_5prime_RL002712	1	1
B73_5prime_RL002713	1	1
B73_5prime_RL002716	1	1
B73_5prime_RL002723	1	1
B73_5prime_RL002733	1	1
B73_5prime_RL002734	1	1
B73_5prime_RL002735	1	1
B73_5prime_RL002736	1	1
B73_5prime_RL002740	1	1
B73_5prime_RL002753	1	1
B73_5prime_RL002754	1	1
B73_5prime_RL002763	1	1
B73_5prime_RL002774	1	1
B73_5prime_RL002775	1	1
B73_5prime_RL002779	1	1
B73_5prime_RL002782	1	1
B73_5prime_RL002783	1	1
B73_5prime_RL002788	1	1
B73_5prime_RL002789	1	1
B73_5prime_RL002792	1	1
B73_5prime_RL002794	1	1
B73_5prime_RL002796	1	1
B73_5prime_RL002806	1	1
B73_5prime_RL002807	1	1
B73_5prime_RL002808	1	1
B73_5prime_RL002811	1	1
B73_5prime_RL002814	1	1
B73_5prime_RL002816	1	1
B73_5prime_RL002818	1	1
B73_5prime_RL002820	1	1
B73_5prime_RL002821	1	1
B73_5prime_RL002828	1	1
B73_5prime_RL002829	1	1
B73_5prime_RL002832	1	1
B73_5prime_RL002836	1	1
B73_5prime_RL002838	1	1
B73_5prime_RL002846	1	1
B73_5prime_RL002848	1	1
B73_5prime_RL002853	1	1
B73_5prime_RL002859	1	1
B73_5prime_RL002864	1	1
B73_5prime_RL002865	1	1
B73_5prime_RL002871	1	1
B73_5prime_RL002872	1	1
B73_5prime_RL002874	1	1
B73_5prime_RL002876	1	1
B73_5prime_RL002879	1	1
B73_5prime_RL002882	1	1
B73_5prime_RL002883	1	1
B73_5prime_RL002886	1	1
B73_5prime_RL002887	1	1
B73_5prime_RL002888	1	1
B73_5prime_RL002890	1	1
B73_5prime_RL002891	1	1
B73_5prime_RL002893	1	1
B73_5prime_RL002899	1	1
B73_5prime_RL002901	1	1
B73_5prime_RL002904	1	1
B73_5prime_RL002907	1	1
B73_5prime_RL002908	1	1
B73_5prime_RL002913	1	1
B73_5prime_RL002921	1	1
B73_5prime_RL002925	1	1
B73_5prime_RL002945	1	1
B73_5prime_RL002947	1	1
B73_5prime_RL002948	1	1
B73_5prime_RL002949	1	1
B73_5prime_RL002951	1	1
B73_5prime_RL002955	1	1
B73_5prime_RL002956	1	1
B73_5prime_RL002971	1	1
B73_5prime_RL002973	1	1
B73_5prime_RL002980	1	1
B73_5prime_RL002983	1	1
B73_5prime_RL002984	1	1
B73_5prime_RL002987	1	1
B73_5prime_RL002992	1	1
B73_5prime_RL002993	1	1
B73_5prime_RL002997	1	1
B73_5prime_RL003002	1	1
B73_5prime_RL003009	1	1
B73_5prime_RL003010	1	1
B73_5prime_RL003012	1	1
B73_5prime_RL003016	1	1
B73_5prime_RL003020	1	1
B73_5prime_RL003023	1	1
B73_5prime_RL003027	1	1
B73_5prime_RL003034	1	1
B73_5prime_RL003035	1	1
B73_5prime_RL003036	1	1
B73_5prime_RL003037	1	1
B73_5prime_RL003042	1	1
B73_5prime_RL003051	1	1
B73_5prime_RL003052	1	1
B73_5prime_RL003054	1	1
B73_5prime_RL003057	1	1
B73_5prime_RL003059	1	1
B73_5prime_RL003061	1	1
B73_5prime_RL003065	1	1
B73_5prime_RL003067	1	1
B73_5prime_RL003071	1	1
B73_5prime_RL003076	1	1
B73_5prime_RL003081	1	1
B73_5prime_RL003083	1	1
B73_5prime_RL003085	1	1
B73_5prime_RL003088	1	1
B73_5prime_RL003090	1	1
B73_5prime_RL003091	1	1
B73_5prime_RL003094	1	1
B73_5prime_RL003095	1	1
B73_5prime_RL003100	1	1
B73_5prime_RL003108	1	1
B73_5prime_RL003110	1	1
B73_5prime_RL003114	1	1
B73_5prime_RL003118	1	1
B73_5prime_RL003122	1	1
B73_5prime_RL003123	1	1
B73_5prime_RL003132	1	1
B73_5prime_RL003134	1	1
B73_5prime_RL003138	1	1
B73_5prime_RL003139	1	1
B73_5prime_RL003141	1	1
B73_5prime_RL003150	1	1
B73_5prime_RL003152	1	1
B73_5prime_RL003155	1	1
B73_5prime_RL003157	1	1
B73_5prime_RL003159	1	1
B73_5prime_RL003165	1	1
B73_5prime_RL003166	1	1
B73_5prime_RL003169	1	1
B73_5prime_RL003172	1	1
B73_5prime_RL003176	1	1
B73_5prime_RL003180	1	1
B73_5prime_RL003183	1	1
B73_5prime_RL003197	1	1
B73_5prime_RL003208	1	1
B73_5prime_RL003215	1	1
B73_5prime_RL003220	1	1
B73_5prime_RL003225	1	1
B73_5prime_RL003226	1	1
B73_5prime_RL003228	1	1
B73_5prime_RL003236	1	1
B73_5prime_RL003237	1	1
B73_5prime_RL003239	1	1
B73_5prime_RL003249	1	1
B73_5prime_RL003250	1	1
B73_5prime_RL003251	1	1
B73_5prime_RL003253	1	1
B73_5prime_RL003255	1	1
B73_5prime_RL003260	1	1
B73_5prime_RL003266	1	1
B73_5prime_RL003267	1	1
B73_5prime_RL003268	1	1
B73_5prime_RL003271	1	1
B73_5prime_RL003272	1	1
B73_5prime_RL003273	1	1
B73_5prime_RL003280	1	1
B73_5prime_RL003281	1	1
B73_5prime_RL003282	1	1
B73_5prime_RL003283	1	1
B73_5prime_RL003287	1	1
B73_5prime_RL003291	1	1
B73_5prime_RL003300	1	1
B73_5prime_RL003304	1	1
B73_5prime_RL003305	1	1
B73_5prime_RL003308	1	1
B73_5prime_RL003316	1	1
B73_5prime_RL003317	1	1
B73_5prime_RL003318	1	1
B73_5prime_RL003319	1	1
B73_5prime_RL003320	1	1
B73_5prime_RL003324	1	1
B73_5prime_RL003325	1	1
B73_5prime_RL003329	1	1
B73_5prime_RL003333	1	1
B73_5prime_RL003334	1	1
B73_5prime_RL003335	1	1
B73_5prime_RL003338	1	1
B73_5prime_RL003339	1	1
B73_5prime_RL003340	1	1
B73_5prime_RL003341	1	1
B73_5prime_RL003347	1	1
B73_5prime_RL003348	1	1
B73_5prime_RL003349	1	1
B73_5prime_RL003351	1	1
B73_5prime_RL003362	1	1
B73_5prime_RL003366	1	1
B73_5prime_RL003368	1	1
B73_5prime_RL003370	1	1
B73_5prime_RL003371	1	1
B73_5prime_RL003372	1	1
B73_5prime_RL003380	1	1
B73_5prime_RL003383	1	1
B73_5prime_RL003387	1	1
B73_5prime_RL003394	1	1
B73_5prime_RL003398	1	1
B73_5prime_RL003401	1	1
B73_5prime_RL003405	1	1
B73_5prime_RL003411	1	1
B73_5prime_RL003414	1	1
B73_5prime_RL003415	1	1
B73_5prime_RL003418	1	1
B73_5prime_RL003423	1	1
B73_5prime_RL003426	1	1
B73_5prime_RL003433	1	1
B73_5prime_RL003439	1	1
B73_5prime_RL003445	1	1
B73_5prime_RL003449	1	1
B73_5prime_RL003454	1	1
B73_5prime_RL003456	1	1
B73_5prime_RL003459	1	1
B73_5prime_RL003461	1	1
B73_5prime_RL003462	1	1
B73_5prime_RL003481	1	1
B73_5prime_RL003500	1	1
B73_5prime_RL003501	1	1
B73_5prime_RL003503	1	1
B73_5prime_RL003508	1	1
B73_5prime_RL003515	1	1
B73_5prime_RL003523	1	1
B73_5prime_RL003528	1	1
B73_5prime_RL003529	1	1
B73_5prime_RL003537	1	1
B73_5prime_RL003539	1	1
B73_5prime_RL003540	1	1
B73_5prime_RL003541	1	1
B73_5prime_RL003544	1	1
B73_5prime_RL003545	1	1
B73_5prime_RL003550	1	1
B73_5prime_RL003562	1	1
B73_5prime_RL003571	1	1
B73_5prime_RL003574	1	1
B73_5prime_RL003575	1	1
B73_5prime_RL003579	1	1
B73_5prime_RL003584	1	1
B73_5prime_RL003585	1	1
B73_5prime_RL003587	1	1
B73_5prime_RL003596	1	1
B73_5prime_RL003603	1	1
B73_5prime_RL003604	1	1
B73_5prime_RL003620	1	1
B73_5prime_RL003622	1	1
B73_5prime_RL003636	1	1
B73_5prime_RL003637	1	1
B73_5prime_RL003638	1	1
B73_5prime_RL003642	1	1
B73_5prime_RL003643	1	1
B73_5prime_RL003652	1	1
B73_5prime_RL003660	1	1
B73_5prime_RL003662	1	1
B73_5prime_RL003672	1	1
B73_5prime_RL003674	1	1
B73_5prime_RL003678	1	1
B73_5prime_RL003679	1	1
B73_5prime_RL003683	1	1
B73_5prime_RL003685	1	1
B73_5prime_RL003686	1	1
B73_5prime_RL003687	1	1
B73_5prime_RL003691	1	1
B73_5prime_RL003693	1	1
B73_5prime_RL003695	1	1
B73_5prime_RL003704	1	1
B73_5prime_RL003705	1	1
B73_5prime_RL003710	1	1
B73_5prime_RL003715	1	1
B73_5prime_RL003719	1	1
B73_5prime_RL003726	1	1
B73_5prime_RL003727	1	1
B73_5prime_RL003730	1	1
B73_5prime_RL003732	1	1
B73_5prime_RL003734	1	1
B73_5prime_RL003735	1	1
B73_5prime_RL003746	1	1
B73_5prime_RL003748	1	1
B73_5prime_RL003749	1	1
B73_5prime_RL003760	1	1
B73_5prime_RL003765	1	1
B73_5prime_RL003766	1	1
B73_5prime_RL003775	1	1
B73_5prime_RL003780	1	1
B73_5prime_RL003783	1	1
B73_5prime_RL003784	1	1
B73_5prime_RL003785	1	1
B73_5prime_RL003787	1	1
B73_5prime_RL003792	1	1
B73_5prime_RL003793	1	1
B73_5prime_RL003795	1	1
B73_5prime_RL003796	1	1
B73_5prime_RL003797	1	1
B73_5prime_RL003798	1	1
B73_5prime_RL003800	1	1
B73_5prime_RL003806	1	1
B73_5prime_RL003809	1	1
B73_5prime_RL003810	1	1
B73_5prime_RL003811	1	1
B73_5prime_RL003817	1	1
B73_5prime_RL003818	1	1
B73_5prime_RL003819	1	1
B73_5prime_RL003825	1	1
B73_5prime_RL003828	1	1
B73_5prime_RL003831	1	1
B73_5prime_RL003835	1	1
B73_5prime_RL003837	1	1
B73_5prime_RL003840	1	1
B73_5prime_RL003845	1	1
B73_5prime_RL003848	1	1
B73_5prime_RL003852	1	1
B73_5prime_RL003857	1	1
B73_5prime_RL003865	1	1
B73_5prime_RL003869	1	1
B73_5prime_RL003886	1	1
B73_5prime_RL003892	1	1
B73_5prime_RL003895	1	1
B73_5prime_RL003905	1	1
B73_5prime_RL003909	1	1
B73_5prime_RL003911	1	1
B73_5prime_RL003912	1	1
B73_5prime_RL003914	1	1
B73_5prime_RL003916	1	1
B73_5prime_RL003922	1	1
B73_5prime_RL003926	1	1
B73_5prime_RL003933	1	1
B73_5prime_RL003935	1	1
B73_5prime_RL003936	1	1
B73_5prime_RL003938	1	1
B73_5prime_RL003939	1	1
B73_5prime_RL003944	1	1
B73_5prime_RL003945	1	1
B73_5prime_RL003947	1	1
B73_5prime_RL003969	1	1
B73_5prime_RL003971	1	1
B73_5prime_RL003973	1	1
B73_5prime_RL003974	1	1
B73_5prime_RL003976	1	1
B73_5prime_RL003977	1	1
B73_5prime_RL003979	1	1
B73_5prime_RL003986	1	1
B73_5prime_RL003992	1	1
B73_5prime_RL003997	1	1
B73_5prime_RL003998	1	1
B73_5prime_RL003999	1	1
B73_5prime_RL004005	1	1
B73_5prime_RL004006	1	1
B73_5prime_RL004007	1	1
B73_5prime_RL004008	1	1
B73_5prime_RL004012	1	1
B73_5prime_RL004013	1	1
B73_5prime_RL004015	1	1
B73_5prime_RL004020	1	1
B73_5prime_RL004024	1	1
B73_5prime_RL004026	1	1
B73_5prime_RL004028	1	1
B73_5prime_RL004030	1	1
B73_5prime_RL004031	1	1
B73_5prime_RL004032	1	1
B73_5prime_RL004035	1	1
B73_5prime_RL004036	1	1
B73_5prime_RL004037	1	1
B73_5prime_RL004038	1	1
B73_5prime_RL004039	1	1
B73_5prime_RL004040	1	1
B73_5prime_RL004042	1	1
B73_5prime_RL004045	1	1
B73_5prime_RL004054	1	1
B73_5prime_RL004059	1	1
B73_5prime_RL004064	1	1
B73_5prime_RL004072	1	1
B73_5prime_RL004074	1	1
B73_5prime_RL004076	1	1
B73_5prime_RL004079	1	1
B73_5prime_RL004080	1	1
B73_5prime_RL004084	1	1
B73_5prime_RL004085	1	1
B73_5prime_RL004086	1	1
B73_5prime_RL004088	1	1
B73_5prime_RL004090	1	1
B73_5prime_RL004095	1	1
B73_5prime_RL004096	1	1
B73_5prime_RL004102	1	1
B73_5prime_RL004107	1	1
B73_5prime_RL004108	1	1
B73_5prime_RL004114	1	1
B73_5prime_RL004117	1	1
B73_5prime_RL004121	1	1
B73_5prime_RL004122	1	1
B73_5prime_RL004125	1	1
B73_5prime_RL004127	1	1
B73_5prime_RL004128	1	1
B73_5prime_RL004133	1	1
B73_5prime_RL004135	1	1
B73_5prime_RL004142	1	1
B73_5prime_RL004145	1	1
B73_5prime_RL004148	1	1
B73_5prime_RL004150	1	1
B73_5prime_RL004159	1	1
B73_5prime_RL004160	1	1
B73_5prime_RL004171	1	1
B73_5prime_RL004172	1	1
B73_5prime_RL004176	1	1
B73_5prime_RL004181	1	1
B73_5prime_RL004183	1	1
B73_5prime_RL004184	1	1
B73_5prime_RL004185	1	1
B73_5prime_RL004190	1	1
B73_5prime_RL004199	1	1
B73_5prime_RL004201	1	1
B73_5prime_RL004213	1	1
B73_5prime_RL004215	1	1
B73_5prime_RL004220	1	1
B73_5prime_RL004225	1	1
B73_5prime_RL004239	1	1
B73_5prime_RL004243	1	1
B73_5prime_RL004244	1	1
B73_5prime_RL004245	1	1
B73_5prime_RL004248	1	1
B73_5prime_RL004249	1	1
B73_5prime_RL004251	1	1
B73_5prime_RL004263	1	1
B73_5prime_RL004264	1	1
B73_5prime_RL004268	1	1
B73_5prime_RL004278	1	1
B73_5prime_RL004284	1	1
B73_5prime_RL004289	1	1
B73_5prime_RL004293	1	1
B73_5prime_RL004296	1	1
B73_5prime_RL004297	1	1
B73_5prime_RL004298	1	1
B73_5prime_RL004299	1	1
B73_5prime_RL004302	1	1
B73_5prime_RL004313	1	1
B73_5prime_RL004319	1	1
B73_5prime_RL004320	1	1
B73_5prime_RL004331	1	1
B73_5prime_RL004334	1	1
B73_5prime_RL004335	1	1
B73_5prime_RL004343	1	1
B73_5prime_RL004344	1	1
B73_5prime_RL004348	1	1
B73_5prime_RL004349	1	1
B73_5prime_RL004350	1	1
B73_5prime_RL004361	1	1
B73_5prime_RL004362	1	1
B73_5prime_RL004363	1	1
B73_5prime_RL004364	1	1
B73_5prime_RL004366	1	1
B73_5prime_RL004369	1	1
B73_5prime_RL004377	1	1
B73_5prime_RL004378	1	1
B73_5prime_RL004383	1	1
B73_5prime_RL004387	1	1
B73_5prime_RL004394	1	1
B73_5prime_RL004395	1	1
B73_5prime_RL004398	1	1
B73_5prime_RL004399	1	1
B73_5prime_RL004401	1	1
B73_5prime_RL004404	1	1
B73_5prime_RL004409	1	1
B73_5prime_RL004413	1	1
B73_5prime_RL004416	1	1
B73_5prime_RL004417	1	1
B73_5prime_RL004419	1	1
B73_5prime_RL004421	1	1
B73_5prime_RL004422	1	1
B73_5prime_RL004424	1	1
B73_5prime_RL004425	1	1
B73_5prime_RL004426	1	1
B73_5prime_RL004427	1	1
B73_5prime_RL004429	1	1
B73_5prime_RL004430	1	1
B73_5prime_RL004432	1	1
B73_5prime_RL004434	1	1
B73_5prime_RL004436	1	1
B73_5prime_RL004439	1	1
B73_5prime_RL004440	1	1
B73_5prime_RL004441	1	1
B73_5prime_RL004446	1	1
B73_5prime_RL004450	1	1
B73_5prime_RL004451	1	1
B73_5prime_RL004452	1	1
B73_5prime_RL004454	1	1
B73_5prime_RL004456	1	1
B73_5prime_RL004460	1	1
B73_5prime_RL004461	1	1
B73_5prime_RL004467	1	1
B73_5prime_RL004475	1	1
B73_5prime_RL004477	1	1
B73_5prime_RL004481	1	1
B73_5prime_RL004482	1	1
B73_5prime_RL004491	1	1
B73_5prime_RL004493	1	1
B73_5prime_RL004495	1	1
B73_5prime_RL004497	1	1
B73_5prime_RL004500	1	1
B73_5prime_RL004508	1	1
B73_5prime_RL004509	1	1
B73_5prime_RL004512	1	1
B73_5prime_RL004516	1	1
B73_5prime_RL004525	1	1
B73_5prime_RL004526	1	1
B73_5prime_RL004535	1	1
B73_5prime_RL004536	1	1
B73_5prime_RL004546	1	1
B73_5prime_RL004550	1	1
B73_5prime_RL004551	1	1
B73_5prime_RL004553	1	1
B73_5prime_RL004555	1	1
B73_5prime_RL004557	1	1
B73_5prime_RL004563	1	1
B73_5prime_RL004571	1	1
B73_5prime_RL004576	1	1
B73_5prime_RL004577	1	1
B73_5prime_RL004579	1	1
B73_5prime_RL004580	1	1
B73_5prime_RL004586	1	1
B73_5prime_RL004591	1	1
B73_5prime_RL004595	1	1
B73_5prime_RL004604	1	1
B73_5prime_RL004605	1	1
B73_5prime_RL004607	1	1
B73_5prime_RL004614	1	1
B73_5prime_RL004619	1	1
B73_5prime_RL004629	1	1
B73_5prime_RL004631	1	1
B73_5prime_RL004633	1	1
B73_5prime_RL004638	1	1
B73_5prime_RL004639	1	1
B73_5prime_RL004644	1	1
B73_5prime_RL004645	1	1
B73_5prime_RL004648	1	1
B73_5prime_RL004650	1	1
B73_5prime_RL004652	1	1
B73_5prime_RL004654	1	1
B73_5prime_RL004656	1	1
B73_5prime_RL004661	1	1
B73_5prime_RL004664	1	1
B73_5prime_RL004665	1	1
B73_5prime_RL004666	1	1
B73_5prime_RL004667	1	1
B73_5prime_RL004669	1	1
B73_5prime_RL004675	1	1
B73_5prime_RL004678	1	1
B73_5prime_RL004679	1	1
B73_5prime_RL004684	1	1
B73_5prime_RL004685	1	1
B73_5prime_RL004688	1	1
B73_5prime_RL004690	1	1
B73_5prime_RL004692	1	1
B73_5prime_RL004694	1	1
B73_5prime_RL004696	1	1
B73_5prime_RL004697	1	1
B73_5prime_RL004698	1	1
B73_5prime_RL004702	1	1
B73_5prime_RL004703	1	1
B73_5prime_RL004706	1	1
B73_5prime_RL004707	1	1
B73_5prime_RL004708	1	1
B73_5prime_RL004709	1	1
B73_5prime_RL004711	1	1
B73_5prime_RL004718	1	1
B73_5prime_RL004727	1	1
B73_5prime_RL004734	1	1
B73_5prime_RL004737	1	1
B73_5prime_RL004738	1	1
B73_5prime_RL004739	1	1
B73_5prime_RL004743	1	1
B73_5prime_RL004757	1	1
B73_5prime_RL004758	1	1
B73_5prime_RL004760	1	1
B73_5prime_RL004765	1	1
B73_5prime_RL004770	1	1
B73_5prime_RL004771	1	1
B73_5prime_RL004774	1	1
B73_5prime_RL004776	1	1
B73_5prime_RL004781	1	1
B73_5prime_RL004785	1	1
B73_5prime_RL004787	1	1
B73_5prime_RL004788	1	1
B73_5prime_RL004790	1	1
B73_5prime_RL004792	1	1
B73_5prime_RL004793	1	1
B73_5prime_RL004794	1	1
B73_5prime_RL004798	1	1
B73_5prime_RL004800	1	1
B73_5prime_RL004803	1	1
B73_5prime_RL004808	1	1
B73_5prime_RL004814	1	1
B73_5prime_RL004817	1	1
B73_5prime_RL004823	1	1
B73_5prime_RL004829	1	1
B73_5prime_RL004831	1	1
B73_5prime_RL004834	1	1
B73_5prime_RL004841	1	1
B73_5prime_RL004844	1	1
B73_5prime_RL004846	1	1
B73_5prime_RL004848	1	1
B73_5prime_RL004852	1	1
B73_5prime_RL004853	1	1
B73_5prime_RL004854	1	1
B73_5prime_RL004858	1	1
B73_5prime_RL004860	1	1
B73_5prime_RL004863	1	1
B73_5prime_RL004865	1	1
B73_5prime_RL004869	1	1
B73_5prime_RL004875	1	1
B73_5prime_RL004876	1	1
B73_5prime_RL004884	1	1
B73_5prime_RL004885	1	1
B73_5prime_RL004889	1	1
B73_5prime_RL004890	1	1
B73_5prime_RL004893	1	1
B73_5prime_RL004895	1	1
B73_5prime_RL004896	1	1
B73_5prime_RL004899	1	1
B73_5prime_RL004900	1	1
B73_5prime_RL004902	1	1
B73_5prime_RL004904	1	1
B73_5prime_RL004907	1	1
B73_5prime_RL004909	1	1
B73_5prime_RL004910	1	1
B73_5prime_RL004911	1	1
B73_5prime_RL004920	1	1
B73_5prime_RL004921	1	1
B73_5prime_RL004922	1	1
B73_5prime_RL004923	1	1
B73_5prime_RL004927	1	1
B73_5prime_RL004929	1	1
B73_5prime_RL004935	1	1
B73_5prime_RL004938	1	1
B73_5prime_RL004941	1	1
B73_5prime_RL004942	1	1
B73_5prime_RL004944	1	1
B73_5prime_RL004948	1	1
B73_5prime_RL004952	1	1
B73_5prime_RL004954	1	1
B73_5prime_RL004956	1	1
B73_5prime_RL004959	1	1
B73_5prime_RL004961	1	1
B73_5prime_RL004962	1	1
