Expression_Cluster	Family_Relationship	Number_Pairs	Mean_Identity	Median_Identity	Q1	Q3
1	Different 5' LTR families	118188	43.1663087623109	42.4	41.4	44
1	Same 5' LTR family	2598	65.1810623556582	67.5	46.3	83.77499999999999
2	Different 5' LTR families	79048	42.9516357150086	42.2	41.2	43.6
2	Same 5' LTR family	3573	64.61614889448643	64.9	46.4	83.3
3	Different 5' LTR families	106935	43.47261514003834	42.9	41.6	44.6
3	Same 5' LTR family	3750	65.06709333333333	68.8	46.2	81.3
4	Different 5' LTR families	39421	42.66540676289287	42.1	41.1	43.3
4	Same 5' LTR family	1907	63.928106974305194	66.1	46.5	80
5	Different 5' LTR families	36353	42.80803785107144	42.1	41.2	43.4
5	Same 5' LTR family	1048	63.9037213740458	65.9	46.2	80.22500000000001
6	Different 5' LTR families	183886	43.13658897360321	42.3	41.3	43.8
6	Same 5' LTR family	4919	62.93535271396625	59.6	45.9	79.5
7	Different 5' LTR families	42072	43.1071567788553	42.4	41.3	44.1
7	Same 5' LTR family	1884	64.41411889596603	64.4	46.5	82.025
8	Different 5' LTR families	122705	43.25166619127175	42.6	41.4	44.1
8	Same 5' LTR family	4051	65.01621821772402	64.5	46.2	83.7
9	Different 5' LTR families	51631	43.45549185566811	42.8	41.6	44.4
9	Same 5' LTR family	1344	64.45892857142857	64.05	45.8	83.125
10	Different 5' LTR families	86467	43.829869198653824	43.2	41.9	45.1
10	Same 5' LTR family	1943	65.61183736489964	68.1	46.1	84.1
11	Different 5' LTR families	87964	43.196547451230046	42.4	41.3	44
11	Same 5' LTR family	2561	63.072081218274114	65.1	45.3	77.4
12	Different 5' LTR families	57849	42.97281889055991	42.3	41.3	43.7
12	Same 5' LTR family	1491	64.25204560697519	64.4	46.5	81.8
13	Different 5' LTR families	48653	43.601642241999464	42.8	41.5	44.6
13	Same 5' LTR family	1117	64.06472694717995	65.3	45.9	81.3
14	Different 5' LTR families	53128	42.94004479747026	42.4	41.3	43.8
14	Same 5' LTR family	1818	64.20770077007701	65.85	46.4	79.1
15	Different 5' LTR families	56448	42.86686685090703	42.3	41.3	43.7
15	Same 5' LTR family	1863	64.03188405797101	65.4	46.2	81.3
16	Different 5' LTR families	69779	43.85655569727282	43.2	41.8	45.1
16	Same 5' LTR family	2992	65.19943181818182	61.3	46.3	85
17	Different 5' LTR families	31793	43.377189947472715	42.3	41.3	43.8
17	Same 5' LTR family	1103	64.85802357207615	68	47	80.2
