figures	category	filename	source	status	size_MiB	destination
1,2	classification	B73_full_sequence_silix.out	/projects/standard/hirschc1/menar060/family_analysis/redo_full_sequence/B73/output/B73_full_sequence_silix.out	COPIED	10.77	/projects/standard/hirschc1/menar060/Discordant_LTRs/data/classification/B73_full_sequence_silix.out
1,2	classification	B73_five_prime_silix.out	/projects/standard/hirschc1/menar060/family_analysis/redo_five_prime/B73/output/B73_five_prime_silix.out	COPIED	10.72	/projects/standard/hirschc1/menar060/Discordant_LTRs/data/classification/B73_five_prime_silix.out
1,2	classification	Milhouse_plus_full_sequence_silix.out	/projects/standard/hirschc1/menar060/family_analysis/redo_full_sequence/Setaria/output/Milhouse_plus_full_sequence_silix.out	COPIED	0.12	/projects/standard/hirschc1/menar060/Discordant_LTRs/data/classification/Milhouse_plus_full_sequence_silix.out
1,2	classification	Milhouse_plus_five_prime_silix.out	/projects/standard/hirschc1/menar060/family_analysis/redo_five_prime/Setaria/output/Milhouse_plus_five_prime_silix.out	COPIED	0.12	/projects/standard/hirschc1/menar060/Discordant_LTRs/data/classification/Milhouse_plus_five_prime_silix.out
3	classification	B73_individual_TE_clustering_status.tsv	/projects/standard/hirschc1/menar060/family_analysis/clustering_discordance_results/B73_individual_TE_clustering_status.tsv	COPIED	10.49	/projects/standard/hirschc1/menar060/Discordant_LTRs/data/classification/B73_individual_TE_clustering_status.tsv
3	annotations	filtered_B73.EDTA.TEanno.gff3	/projects/standard/hirschc1/menar060/stress_scratch_copy/stress_scratch/filtered_B73.EDTA.TEanno.gff3	COPIED	0.00	/projects/standard/hirschc1/menar060/Discordant_LTRs/data/annotations/filtered_B73.EDTA.TEanno.gff3
3	annotations	B73v5_genes.gff3	/projects/standard/hirschc1/menar060/programs/input_data/maize/B73v5_genes.gff3	TOO_LARGE	151.66	
3	annotations	Setaria_structural_TEs_for_gene_distance.bed	/projects/standard/hirschc1/menar060/family_analysis/clustering_discordance_results/additional_figures/Setaria_structural_TEs_for_gene_distance.bed	COPIED	0.02	/projects/standard/hirschc1/menar060/Discordant_LTRs/data/annotations/Setaria_structural_TEs_for_gene_distance.bed
4,5,6	expression	metadata.csv	/projects/standard/hirschc1/menar060/stress_scratch_copy/stress_scratch/metadata.csv	COPIED	0.00	/projects/standard/hirschc1/menar060/Discordant_LTRs/data/expression/metadata.csv
4,5,6	expression	raw_counts_structural_LTRs_only.txt	/projects/standard/hirschc1/menar060/stress_scratch_copy/stress_scratch/raw_counts_structural_LTRs_only.txt	COPIED	3.48	/projects/standard/hirschc1/menar060/Discordant_LTRs/data/expression/raw_counts_structural_LTRs_only.txt
4,5	expression	raw_counts_5prime_families.txt	/projects/standard/hirschc1/menar060/stress_scratch_copy/stress_scratch/raw_counts_5prime_families.txt	COPIED	10.26	/projects/standard/hirschc1/menar060/Discordant_LTRs/data/expression/raw_counts_5prime_families.txt
4,5	expression	raw_counts_full_sequence_families.txt	/projects/standard/hirschc1/menar060/stress_scratch_copy/stress_scratch/raw_counts_full_sequence_families.txt	COPIED	10.26	/projects/standard/hirschc1/menar060/Discordant_LTRs/data/expression/raw_counts_full_sequence_families.txt
6	regulation	structural_LTRs_overlap_UMR.tsv	/projects/standard/hirschc1/menar060/stress_scratch_copy/stress_scratch/structural_LTRs_overlap_UMR.tsv	COPIED	0.75	/projects/standard/hirschc1/menar060/Discordant_LTRs/data/regulation/structural_LTRs_overlap_UMR.tsv
